ranks,titles,index,gross,theaters,per_theater,total_gross
1,Star Wars: The Rise of Skywalker,2,"$46,053,249","4,406","$10,452","$463,110,690"
2,Jumanji: The Next Level,2,"$33,418,576","4,134","$8,084","$243,124,981"
3,Little Women,2,"$19,932,677","3,308","$6,026","$66,381,009"
4,Frozen II,2,"$15,037,678","3,175","$4,736","$453,623,042"
5,The Grudge,2,"$14,406,715","2,642","$5,453","$14,406,715"
6,Spies in Disguise,2,"$12,862,468","3,502","$3,673","$49,508,429"
7,Knives Out,2,"$12,693,710","2,142","$5,926","$133,896,744"
8,Uncut Gems,2,"$10,980,493","2,686","$4,088","$39,966,672"
9,Bombshell,2,"$5,942,307","1,721","$3,453","$26,448,223"
10,Cats,2,"$3,748,490","2,902","$1,292","$25,839,425"
11,Richard Jewell,2,"$2,391,961","1,870","$1,279","$21,830,277"
12,Ford v. Ferrari,2,"$2,385,765",730,"$3,268","$110,655,605"
13,A Beautiful Day in the Neighborhood,2,"$1,829,346",856,"$2,137","$59,408,011"
14,Queen & Slim,2,"$1,611,535",625,"$2,578","$43,106,305"
15,Parasite,2,"$1,390,119",222,"$6,262","$24,402,732"
16,1917,2,"$1,031,412",11,"$93,765","$2,721,279"
17,IP Man: The Finale,2,"$979,446",70,"$13,992","$3,177,068"
18,21 Bridges,2,"$545,019",476,"$1,145","$28,418,457"
19,Jojo Rabbit,2,"$537,573",209,"$2,572","$21,772,387"
20,A Hidden Life,2,"$394,588",151,"$2,613","$1,407,417"
1,1917,9,"$51,895,705","3,434","$15,112","$54,616,984"
2,Star Wars: The Rise of Skywalker,9,"$20,535,111","4,279","$4,799","$483,645,801"
3,Jumanji: The Next Level,9,"$17,787,994","3,904","$4,556","$260,912,975"
4,Just Mercy,9,"$13,176,655","2,375","$5,548","$13,612,643"
5,Like a Boss,9,"$13,083,588","3,078","$4,251","$13,083,588"
6,Little Women,9,"$12,110,043","3,216","$3,766","$78,491,052"
7,Underwater,9,"$9,220,707","2,791","$3,304","$9,220,707"
8,Knives Out,9,"$7,780,643","2,060","$3,777","$141,677,387"
9,Frozen II,9,"$7,528,648","2,655","$2,836","$461,151,690"
10,Spies in Disguise,9,"$6,318,438","2,671","$2,366","$55,826,867"
11,Uncut Gems,9,"$4,961,927","2,081","$2,384","$44,928,599"
12,The Grudge,9,"$4,725,926","2,642","$1,789","$19,132,641"
13,Weathering With You,9,"$3,046,250","1,020","$2,987","$3,046,250"
14,Bombshell,9,"$2,216,685","1,289","$1,720","$28,664,908"
15,Parasite,9,"$1,585,913",345,"$4,597","$25,988,645"
16,Ford v. Ferrari,9,"$1,154,783",567,"$2,037","$111,810,388"
17,Cats,9,"$808,410",818,$988,"$26,647,835"
18,A Beautiful Day in the Neighborhood,9,"$795,838",519,"$1,533","$60,203,849"
19,Queen & Slim,9,"$542,105",442,"$1,226","$43,648,410"
20,IP Man: The Finale,9,"$469,151",119,"$3,942","$3,646,219"
1,Bad Boys For Life,16,"$86,644,165","3,775","$22,952","$86,644,165"
2,1917,16,"$33,466,325","3,612","$9,265","$88,083,309"
3,Dolittle,16,"$32,184,730","4,155","$7,746","$32,184,730"
4,Jumanji: The Next Level,16,"$14,632,825","3,323","$4,403","$275,545,800"
5,Star Wars: The Rise of Skywalker,16,"$12,764,339","3,058","$4,174","$496,410,140"
6,Little Women,16,"$10,536,349","2,503","$4,209","$89,027,401"
7,Just Mercy,16,"$9,410,739","2,457","$3,830","$23,023,382"
8,Knives Out,16,"$6,538,535","1,667","$3,922","$148,215,922"
9,Frozen II,16,"$6,111,878","2,080","$2,938","$467,263,568"
10,Like a Boss,16,"$5,913,441","3,081","$1,919","$18,997,029"
11,Underwater,16,"$5,490,277","2,791","$1,967","$14,710,984"
12,Spies in Disguise,16,"$4,432,874","1,761","$2,517","$60,259,741"
13,Parasite,16,"$2,950,360",843,"$3,500","$28,939,005"
14,Weathering With You,16,"$2,813,395",486,"$5,789","$5,859,645"
15,Jojo Rabbit,16,"$2,445,565","1,005","$2,433","$24,574,637"
16,Uncut Gems,16,"$2,049,756",930,"$2,204","$46,978,355"
17,Ford v. Ferrari,16,"$1,720,487","1,080","$1,593","$113,530,875"
18,The Grudge,16,"$1,315,023",977,"$1,346","$20,447,664"
19,Bombshell,16,"$1,012,510",410,"$2,470","$29,677,418"
20,Once Upon a Time…in Hollywood,16,"$555,802",705,$788,"$141,713,823"
1,Bad Boys For Life,23,"$43,732,366","3,775","$11,585","$130,376,531"
2,1917,23,"$21,503,080","3,937","$5,462","$109,586,389"
3,Dolittle,23,"$15,334,090","4,155","$3,691","$47,518,820"
4,The Gentlemen,23,"$14,431,089","2,165","$6,666","$14,431,089"
5,Jumanji: The Next Level,23,"$9,671,353","3,121","$3,099","$285,217,153"
6,The Turning,23,"$8,655,440","2,571","$3,367","$8,655,440"
7,Star Wars: The Rise of Skywalker,23,"$7,452,881","2,800","$2,662","$503,863,021"
8,Little Women,23,"$6,728,231","2,528","$2,661","$95,755,632"
9,Just Mercy,23,"$5,618,027","2,408","$2,333","$28,641,409"
10,Knives Out,23,"$4,768,842","1,677","$2,844","$152,984,764"
11,Frozen II,23,"$3,373,802","1,750","$1,928","$470,637,370"
12,Parasite,23,"$2,830,271","1,060","$2,670","$31,769,276"
13,Spies in Disguise,23,"$2,150,385","1,323","$1,625","$62,410,126"
14,Like a Boss,23,"$2,059,417","1,723","$1,195","$21,056,446"
15,Jojo Rabbit,23,"$2,053,774","1,160","$1,770","$26,628,411"
16,Underwater,23,"$1,647,822","1,677",$983,"$16,358,806"
17,The Last Full Measure,23,"$1,565,443",614,"$2,550","$1,565,443"
18,Ford v. Ferrari,23,"$1,164,979",804,"$1,449","$114,695,854"
19,Weathering With You,23,"$1,007,918",458,"$2,201","$6,867,563"
20,Uncut Gems,23,"$970,998",490,"$1,982","$47,949,353"
1,Bad Boys For Life,30,"$23,945,676","3,705","$6,463","$154,322,207"
2,1917,30,"$13,956,520","3,987","$3,501","$123,542,909"
3,Dolittle,30,"$9,781,165","3,750","$2,608","$57,299,985"
4,The Gentlemen,30,"$8,240,892","2,675","$3,081","$22,671,981"
5,Gretel & Hansel,30,"$8,024,240","3,007","$2,669","$8,024,240"
6,Jumanji: The Next Level,30,"$7,713,258","2,945","$2,619","$292,930,411"
7,Little Women,30,"$4,592,511","2,301","$1,996","$100,348,143"
8,Star Wars: The Rise of Skywalker,30,"$4,458,457","2,202","$2,025","$508,321,478"
9,The Turning,30,"$3,955,890","2,571","$1,539","$12,611,330"
10,The Rhythm Section,30,"$3,892,991","3,049","$1,277","$3,892,991"
11,Knives Out,30,"$3,606,886","1,555","$2,320","$156,591,650"
12,Just Mercy,30,"$3,208,703","1,807","$1,776","$31,850,112"
13,Frozen II,30,"$2,296,304","1,392","$1,650","$472,933,674"
14,Parasite,30,"$2,203,002","1,060","$2,078","$33,972,278"
15,Jojo Rabbit,30,"$2,118,539","1,173","$1,806","$28,746,950"
16,2020 Oscar Shorts,30,"$1,830,444",465,"$3,936","$1,830,444"
17,Spies in Disguise,30,"$1,505,541","1,028","$1,465","$63,915,667"
18,Ford v. Ferrari,30,"$1,000,838",924,"$1,083","$115,696,692"
19,The Last Full Measure,30,"$754,482",617,"$1,223","$2,319,925"
20,Like a Boss,30,"$707,427",665,"$1,064","$21,763,873"
1,Birds of Prey (And the Fantabulous Emancipation…,37,"$42,158,302","4,236","$9,952","$42,158,302"
2,Bad Boys For Life,37,"$15,700,099","3,530","$4,448","$170,022,306"
3,1917,37,"$12,782,075","3,548","$3,603","$136,324,984"
4,Dolittle,37,"$8,151,530","3,462","$2,355","$65,451,515"
5,Jumanji: The Next Level,37,"$7,085,875","2,729","$2,597","$300,016,286"
6,The Gentlemen,37,"$5,852,082","2,557","$2,289","$28,524,063"
7,Gretel & Hansel,37,"$4,657,677","3,007","$1,549","$12,681,917"
8,Parasite,37,"$3,715,266","1,060","$3,505","$37,687,544"
9,Little Women,37,"$3,454,863","1,805","$1,914","$103,803,006"
10,Star Wars: The Rise of Skywalker,37,"$3,164,885","1,746","$1,813","$511,486,363"
11,Knives Out,37,"$3,119,367","1,443","$2,162","$159,711,017"
12,Just Mercy,37,"$2,130,054","1,315","$1,620","$33,980,166"
13,Jojo Rabbit,37,"$2,108,358","1,096","$1,924","$30,855,308"
14,The Turning,37,"$1,915,235","1,848","$1,036","$14,526,565"
15,Frozen II,37,"$1,754,029","1,131","$1,551","$474,687,703"
16,The Rhythm Section,37,"$1,504,516","3,049",$493,"$5,397,507"
17,Spies in Disguise,37,"$1,226,737",800,"$1,533","$65,142,404"
18,2020 Oscar Shorts,37,"$1,122,305",536,"$2,094","$2,952,749"
19,Uncut Gems,37,"$1,013,340","1,142",$887,"$49,598,853"
20,Ford v. Ferrari,37,"$936,826",743,"$1,261","$116,633,518"
1,Sonic The Hedgehog,44,"$80,301,671","4,167","$19,271","$80,301,671"
2,Birds of Prey (And the Fantabulous Emancipation…,44,"$23,365,713","4,236","$5,516","$65,524,015"
3,Fantasy Island,44,"$15,987,070","2,784","$5,742","$15,987,070"
4,Bad Boys For Life,44,"$15,293,339","3,185","$4,802","$185,315,645"
5,The Photograph,44,"$14,844,640","2,516","$5,900","$14,844,640"
6,1917,44,"$11,262,485","3,084","$3,652","$147,587,469"
7,Parasite,44,"$8,133,945","2,001","$4,065","$45,821,489"
8,Jumanji: The Next Level,44,"$7,948,137","2,410","$3,298","$307,964,423"
9,Dolittle,44,"$7,192,775","2,869","$2,507","$72,644,290"
10,Downhill,44,"$5,972,260","2,301","$2,596","$5,972,260"
11,The Gentlemen,44,"$3,873,279","1,802","$2,149","$32,397,342"
12,Knives Out,44,"$2,928,170","1,154","$2,537","$162,639,187"
13,Little Women,44,"$2,439,265","1,035","$2,357","$106,242,271"
14,Star Wars: The Rise of Skywalker,44,"$2,077,009",992,"$2,094","$513,563,372"
15,Gretel & Hansel,44,"$2,050,653","1,645","$1,247","$14,732,570"
16,Jojo Rabbit,44,"$1,407,296",484,"$2,908","$32,262,604"
17,Frozen II,44,"$1,388,650",716,"$1,939","$476,076,353"
18,Just Mercy,44,"$1,161,474",846,"$1,373","$35,141,640"
19,Spies in Disguise,44,"$827,255",519,"$1,594","$65,969,659"
20,The Turning,44,"$691,670",610,"$1,134","$15,218,235"
1,The Call of the Wild,51,"$32,804,038","3,752","$8,743","$32,804,038"
2,Sonic The Hedgehog,51,"$31,991,981","4,198","$7,621","$112,293,652"
3,Birds of Prey (And the Fantabulous Emancipation…,51,"$9,223,724","3,565","$2,587","$74,747,739"
4,Bad Boys For Life,51,"$7,752,740","2,972","$2,609","$193,068,385"
5,Brahms: The Boy II,51,"$7,147,619","2,151","$3,323","$7,147,619"
6,Fantasy Island,51,"$5,742,583","2,784","$2,063","$21,729,653"
7,1917,51,"$5,609,600","2,725","$2,059","$153,197,069"
8,Parasite,51,"$4,225,522","1,803","$2,344","$50,047,011"
9,The Photograph,51,"$3,733,115","2,516","$1,484","$18,577,755"
10,Jumanji: The Next Level,51,"$3,641,487","2,126","$1,713","$311,605,910"
11,My Hero Academia: Heroes: Rising,51,"$3,403,332","1,275","$2,669","$3,403,332"
12,Impractical Jokers: The Movie,51,"$3,077,091",357,"$8,619","$3,077,091"
13,Dolittle,51,"$2,355,765","2,265","$1,040","$75,000,055"
14,Downhill,51,"$1,981,500","2,311",$857,"$7,953,760"
15,My Boyfriend’s Meds,51,"$1,737,426",350,"$4,964","$1,737,426"
16,The Gentlemen,51,"$1,679,129","1,133","$1,482","$34,076,471"
17,Knives Out,51,"$1,386,056",949,"$1,461","$164,025,243"
18,Portrait of a Lady on Fire,51,"$988,174",130,"$7,601","$1,723,288"
19,Little Women,51,"$987,875",633,"$1,561","$107,230,146"
20,The Lodge,51,"$888,216",322,"$2,758","$1,184,498"
1,The Invisible Man,58,"$37,543,570","3,610","$10,400","$37,543,570"
2,Sonic The Hedgehog,58,"$20,524,500","4,177","$4,914","$132,818,152"
3,The Call of the Wild,58,"$17,679,700","3,865","$4,574","$50,483,738"
4,My Hero Academia: Heroes: Rising,58,"$7,792,075","1,260","$6,184","$11,195,407"
5,Bad Boys For Life,58,"$5,909,718","2,708","$2,182","$198,978,103"
6,Birds of Prey (And the Fantabulous Emancipation…,58,"$5,652,843","3,124","$1,809","$80,400,582"
7,Impractical Jokers: The Movie,58,"$4,550,000","1,769","$2,572","$7,627,091"
8,1917,58,"$3,727,025","2,232","$1,670","$156,924,094"
9,Brahms: The Boy II,58,"$3,384,235","2,151","$1,573","$10,531,854"
10,Fantasy Island,58,"$3,201,244","2,724","$1,175","$24,930,897"
11,Jumanji: The Next Level,58,"$2,925,684","1,811","$1,616","$314,531,594"
12,Parasite,58,"$2,126,439","1,324","$1,606","$52,173,450"
13,Emma.,58,"$1,590,615",97,"$16,398","$1,892,065"
14,The Gentlemen,58,"$1,567,713","1,473","$1,064","$35,644,184"
15,Dolittle,58,"$1,475,475","1,477",$999,"$76,475,530"
16,The Photograph,58,"$1,436,295","1,449",$991,"$20,014,050"
17,Portrait of a Lady on Fire,58,"$1,098,993",268,"$4,101","$2,822,281"
18,Knives Out,58,"$837,202",670,"$1,250","$164,862,445"
19,My Boyfriend’s Meds,58,"$810,979",350,"$2,317","$2,548,405"
20,Little Women,58,"$576,939",432,"$1,336","$107,807,085"
1,Onward,65,"$49,758,687","4,310","$11,545","$49,758,687"
2,The Invisible Man,65,"$20,876,115","3,610","$5,783","$58,419,685"
3,The Way Back,65,"$11,020,873","2,718","$4,055","$11,020,873"
4,Sonic The Hedgehog,65,"$10,413,176","3,717","$2,802","$143,231,328"
5,The Call of the Wild,65,"$9,382,173","3,914","$2,397","$59,865,911"
6,Emma.,65,"$6,743,910","1,565","$4,309","$8,635,975"
7,Bad Boys For Life,65,"$4,214,298","2,159","$1,952","$203,192,401"
8,Birds of Prey (And the Fantabulous Emancipation…,65,"$3,107,975","2,173","$1,430","$83,508,557"
9,Impractical Jokers: The Movie,65,"$2,419,000","1,775","$1,363","$10,046,091"
10,My Hero Academia: Heroes: Rising,65,"$2,358,419",658,"$3,584","$13,553,826"
11,1917,65,"$1,922,935","1,535","$1,253","$158,847,029"
12,Jumanji: The Next Level,65,"$1,830,810","1,403","$1,305","$316,362,404"
13,Brahms: The Boy II,65,"$1,696,949","1,355","$1,252","$12,228,803"
14,Fantasy Island,65,"$1,250,282","1,362",$918,"$26,181,179"
15,Parasite,65,"$974,394",625,"$1,559","$53,147,844"
16,Portrait of a Lady on Fire,65,"$766,773",334,"$2,296","$3,589,054"
17,Baaghi 3,65,"$666,661",265,"$2,516","$666,661"
18,The Gentlemen,65,"$546,481",492,"$1,111","$36,190,665"
19,Dolittle,65,"$485,445",687,$707,"$76,960,975"
20,The Photograph,65,"$470,270",382,"$1,231","$20,484,320"
1,Onward,72,"$11,796,458","4,310","$2,737","$61,555,145"
2,Bloodshot,72,"$10,021,787","2,861","$3,503","$10,021,787"
3,I Still Believe,72,"$9,868,521","3,250","$3,036","$9,868,521"
4,The Invisible Man,72,"$6,494,365","3,636","$1,786","$64,914,050"
5,The Hunt,72,"$5,812,500","3,028","$1,920","$5,812,500"
6,Sonic The Hedgehog,72,"$2,835,142","3,041",$932,"$146,066,470"
7,The Way Back,72,"$2,569,641","2,718",$945,"$13,590,514"
8,The Call of the Wild,72,"$2,476,457","3,201",$774,"$62,342,368"
9,Emma.,72,"$1,419,380","1,732",$820,"$10,055,355"
10,Bad Boys For Life,72,"$1,225,454","1,451",$845,"$204,417,855"
11,Birds of Prey (And the Fantabulous Emancipation…,72,"$649,904","2,173",$299,"$84,158,461"
12,Jumanji: The Next Level,72,"$468,842",862,$544,"$316,831,246"
13,Brahms: The Boy II,72,"$382,733",607,$631,"$12,611,536"
14,1917,72,"$380,615",766,$497,"$159,227,644"
15,Fantasy Island,72,"$260,603",515,$506,"$26,441,782"
16,The Gentlemen,72,"$106,189",226,$470,"$36,296,854"
17,The Photograph,72,"$93,865",198,$474,"$20,578,185"
18,Knives Out,72,"$93,503",221,$423,"$165,363,254"
19,Star Wars: The Rise of Skywalker,72,"$86,768",189,$459,"$515,202,542"
20,Dolittle,72,"$86,090",256,$336,"$77,047,065"
1,I Still Believe,79,"$37,812",126,$300,"$9,906,333"
2,Saint Frances,79,"$24,480",25(v),$979,"$60,355"
3,"Phoenix, Oregon",79,"$5,155",17(v),$303,"$23,511"
4,Be Natural: The Untold Story Of Alice Guy-Blaché,79,$198,1,$198,"$115,492"
5,Lost in America,79,$102,1,$102,"$11,301"
1,Saint Frances,86,"$22,771",89(v),$256,"$83,126"
2,I Still Believe,86,"$17,942",18,$997,"$9,924,275"
3,Strike,86,"$2,802",2,"$1,401","$2,802"
4,"Phoenix, Oregon",86,"$2,256",25(v),$90,"$25,767"
1,Saint Frances,93,"$18,129",107(v),$169,"$101,255"
2,I Still Believe,93,"$4,459",6,$743,"$9,928,734"
3,"Phoenix, Oregon",93,"$3,855",27(v),$143,"$29,622"
4,The Other Lamb,93,"$2,070",1,"$2,070","$2,070"
5,Best of Catvideofest,93,"$1,026",37(v),$28,"$1,026"
1,Best of Catvideofest,100,"$20,541",118(v),$174,"$21,567"
2,Saint Frances,100,"$15,397",126(v),$122,"$116,652"
3,"Monero Means Money: Cryptocurrency 101, Live fr…",100,"$3,500",247(v),$14,"$3,500"
4,Swallow,100,"$2,787",1,"$2,787","$29,156"
5,The Other Lamb,100,"$2,490",1,"$2,490","$4,560"
1,Other Music,107,"$37,191",214(v),$174,"$37,191"
2,Best of Catvideofest,107,"$12,720",138(v),$92,"$34,287"
3,I Still Believe,107,"$11,204",4,"$2,801","$9,942,768"
4,Saint Frances,107,"$10,623",100(v),$106,"$127,275"
6,Resistance,107,"$4,263",1,"$4,263","$4,263"
5,Swallow,107,"$4,263",1,"$4,263","$33,419"
7,"Monero Means Money: Cryptocurrency 101, Live fr…",107,$330,5,$66,"$3,830"
1,I Still Believe,114,"$15,448",3,"$5,149","$9,958,216"
2,True History Of The Kelly Gang,114,"$15,030",5,"$3,006","$15,030"
3,Resistance,114,"$3,201",1,"$3,201","$7,464"
1,The Wretched,121,"$95,686",12,"$7,974","$95,686"
2,I Still Believe,121,"$52,382",22,"$2,381","$10,010,598"
3,Disappearance at Clifton Hill,121,"$18,466",2,"$9,233","$21,915"
4,True History Of The Kelly Gang,121,"$16,010",2,"$8,005","$31,040"
5,The Other Lamb,121,"$1,199",1,"$1,199","$6,024"
1,The Wretched,128,"$116,271",19,"$6,120","$211,957"
2,I Still Believe,128,"$51,595",31,"$1,664","$10,062,193"
3,How to Build a Girl,128,"$19,802",6,"$3,300","$19,802"
4,Disappearance at Clifton Hill,128,"$3,169",1,"$3,169","$25,084"
5,True History Of The Kelly Gang,128,"$1,909",1,"$1,909","$32,949"
6,The Burnt Orange Heresy,128,$145,1,$145,"$39,733"
1,The Wretched,135,"$150,652",21,"$7,174","$362,609"
2,I Still Believe,135,"$62,577",57,"$1,098","$10,124,770"
3,How to Build a Girl,135,"$47,708",9,"$5,301","$67,510"
4,Circles: The Restorative Justice Project,135,"$5,763",3,"$1,921","$5,763"
5,Strike,135,"$5,226",2,"$2,613","$5,226"
6,The Burnt Orange Heresy,135,$100,1,$100,"$39,833"
1,The Wretched,142,"$297,319",59,"$5,039","$659,928"
2,I Still Believe,142,"$40,501",84,$482,"$10,165,271"
3,Strike,142,"$3,805",2,"$1,903","$9,031"
4,Circles: The Restorative Justice Project,142,"$2,674",2,"$1,337","$8,437"
5,The Trip to Greece,142,"$1,365",3,$455,"$1,365"
6,How to Build a Girl,142,"$1,347",3,$449,"$68,857"
7,True History Of The Kelly Gang,142,$324,2,$162,"$33,343"
8,The Burnt Orange Heresy,142,$60,1,$60,"$39,893"
-,The Wretched,149,"$253,717",75,"$3,383","$913,645"
-,I Still Believe,149,"$30,844",97,$318,"$10,196,115"
-,Strike,149,"$1,802",1,"$1,802","$10,833"
-,Circles: The Restorative Justice Project,149,"$1,284",1,"$1,284","$9,721"
-,Max Winslow and the House of Secrets,149,"$1,129",4,$282,"$1,129"
-,The Trip to Greece,149,$594,3,$198,"$1,959"
-,How to Build a Girl,149,$298,3,$99,"$69,155"
-,True History Of The Kelly Gang,149,$53,1,$53,"$33,434"
-,The Wretched,156,"$310,035",99,"$3,132","$1,223,680"
-,Becky,156,"$294,432",45,"$6,543","$294,432"
-,I Still Believe,156,"$43,257",109,$397,"$10,239,372"
-,Max Winslow and the House of Secrets,156,"$2,632",8,$329,"$3,761"
-,Sex and the Future,156,"$1,240",2,$620,"$1,240"
-,Strike,156,"$1,239",1,"$1,239","$12,072"
-,The Gentlemen,156,"$1,092",3,$364,"$36,298,217"
-,How to Build a Girl,156,"$1,082",4,$271,"$70,237"
-,The Fox Hunter,156,$780,1,$780,$780
-,The Trip to Greece,156,$548,4,$137,"$2,507"
-,Circles: The Restorative Justice Project,156,$539,1,$539,"$10,260"
-,Becky,163,"$270,848",50,"$5,417","$565,280"
-,The Wretched,163,"$243,432",99,"$2,459","$1,467,112"
-,Infamous,163,"$215,752",58,"$3,720","$215,752"
-,I Still Believe,163,"$34,980",113,$310,"$10,274,352"
-,The Gentlemen,163,"$5,290",7,$756,"$36,303,507"
-,Max Winslow and the House of Secrets,163,"$4,034",10,$403,"$7,795"
-,Strike,163,"$3,151",2,"$1,576","$15,223"
-,The Trip to Greece,163,"$2,855",3,$952,"$5,362"
-,Sex and the Future,163,$565,1,$565,"$1,805"
-,The Fox Hunter,163,$271,1,$271,"$1,051"
-,True History Of The Kelly Gang,163,$232,1,$232,"$33,666"
-,How to Build a Girl,163,$21,2,$11,"$70,258"
-,Followed,170,"$246,704",31,"$7,958","$249,646"
-,Becky,170,"$179,860",22,"$8,175","$745,140"
-,Infamous,170,"$140,388",37,"$3,794","$356,140"
-,The Wretched,170,"$116,570",101,"$1,154","$1,583,682"
-,StarDog and TurboCat,170,"$50,445",6,"$8,408","$50,445"
-,I Still Believe,170,"$27,946",122,$229,"$10,302,298"
-,Max Winslow and the House of Secrets,170,"$4,108",11,$373,"$11,903"
-,Babyteeth,170,"$3,783",12,$315,"$3,783"
-,The Gentlemen,170,"$2,118",5,$424,"$36,305,625"
-,The Trip to Greece,170,"$1,302",3,$434,"$6,664"
-,Strike,170,$535,1,$535,"$15,758"
-,Sex and the Future,170,$391,1,$391,"$2,196"
-,How to Build a Girl,170,$374,4,$94,"$70,632"
-,True History Of The Kelly Gang,170,$150,1,$150,"$33,816"
-,Followed,177,"$149,883",41,"$3,656","$399,529"
-,Becky,177,"$127,349",17,"$7,491","$872,489"
-,The Wretched,177,"$75,957",97,$783,"$1,659,639"
-,Infamous,177,"$68,805",9,"$7,645","$424,945"
-,StarDog and TurboCat,177,"$29,878",4,"$7,470","$80,323"
-,I Still Believe,177,"$16,023",83,$193,"$10,318,321"
-,Max Winslow and the House of Secrets,177,"$8,367",13,$644,"$20,270"
-,The Gentlemen,177,"$5,067",8,$633,"$36,310,692"
-,The Last Tree,177,"$4,071",63(v),$65,"$4,071"
-,The Trip to Greece,177,"$1,676",11,$152,"$8,340"
-,Babyteeth,177,$724,6,$121,"$4,507"
-,The Transcendents,177,$564,1,$564,$564
-,Relic,184,"$345,396",69,"$5,006","$345,396"
-,The Outpost,184,"$43,965",74,$594,"$43,965"
-,Followed,184,"$42,736",90,$475,"$442,265"
-,Becky,184,"$42,689",7,"$6,098","$915,178"
-,The Wretched,184,"$40,590",62,$655,"$1,700,229"
-,Max Winslow and the House of Secrets,184,"$10,982",6,"$1,830","$31,252"
-,I Still Believe,184,"$10,116",68,$149,"$10,328,437"
-,The Gentlemen,184,"$4,518",13,$348,"$36,315,210"
-,Infamous,184,"$4,203",4,"$1,051","$429,148"
-,The Last Tree,184,"$3,584",73(v),$49,"$7,655"
-,The Truth,184,"$2,777",10,$278,"$2,777"
-,Sex and the Future,184,$811,1,$811,"$3,101"
-,StarDog and TurboCat,184,$75,2,$38,"$80,398"
-,Relic,191,"$302,672",126,"$2,402","$648,068"
-,Archive,191,"$79,869",26,"$3,072","$79,869"
-,Followed,191,"$43,801",100,$438,"$486,066"
-,The Outpost,191,"$32,674",81,$403,"$76,639"
-,The Wretched,191,"$21,584",44,$491,"$1,721,813"
-,I Still Believe,191,"$9,632",50,$193,"$10,338,069"
-,The Gentlemen,191,"$7,040",19,$371,"$36,322,250"
-,The Truth,191,"$2,496",9,$277,"$5,273"
-,Guest Artist,191,"$1,786",2,$893,"$1,786"
-,The Last Tree,191,"$1,692",63(v),$27,"$9,347"
-,The Fox Hunter,191,$526,1,$526,"$1,577"
-,The Transcendents,191,$526,1,$526,"$1,090"
-,Relic,198,"$254,326",133,"$1,912","$902,394"
-,The Outpost,198,"$61,698",79,$781,"$138,337"
-,Archive,198,"$59,724",18,"$3,318","$139,593"
-,Followed,198,"$41,463",75,$553,"$527,529"
-,The Wretched,198,"$26,535",34,$780,"$1,748,348"
-,The Gentlemen,198,"$10,231",33,$310,"$36,332,481"
-,Human Capital,198,"$6,596",5,"$1,319","$6,596"
-,I Still Believe,198,"$6,123",41,$149,"$10,344,192"
-,The Truth,198,"$2,933",12,$244,"$8,206"
-,Guest Artist,198,"$1,638",2,$819,"$3,424"
-,The Painted Bird,198,$754,6,$126,$754
1,The Rental,205,"$598,510",250,"$2,394","$598,510"
2,The Big Ugly,205,"$229,382",68,"$3,373","$229,382"
-,Relic,205,"$90,683",85,"$1,067","$993,077"
-,The Wretched,205,"$29,540",24,"$1,231","$1,777,888"
-,The Outpost,205,"$18,021",63,$286,"$156,358"
-,The Gentlemen,205,"$10,320",29,$356,"$36,342,801"
-,Followed,205,"$6,773",6,"$1,129","$534,302"
-,I Still Believe,205,"$3,792",25,$152,"$10,347,984"
-,Guest Artist,205,"$1,293",1,"$1,293","$4,717"
-,The Truth,205,$719,6,$120,"$8,925"
-,The Painted Bird,205,$706,8,$88,"$1,460"
1,The Rental,212,"$456,222",242,"$1,885","$1,054,732"
2,The Big Ugly,212,"$145,168",68,"$2,135","$374,550"
-,Summerland,212,"$38,335",99,$387,"$38,335"
-,The Wretched,212,"$20,362",22,$926,"$1,798,250"
-,Relic,212,"$14,395",36,$400,"$1,007,472"
-,The Outpost,212,"$12,773",43,$297,"$169,131"
-,The Gentlemen,212,"$9,403",36,$261,"$36,352,204"
-,I Still Believe,212,"$4,575",32,$143,"$10,352,559"
-,Killer Raccoons 2: Dark Christmas in the Dark,212,"$4,476",4,"$1,119","$4,476"
-,What We Found,212,"$3,931",8,$491,"$3,931"
-,Followed,212,"$3,389",6,$565,"$537,691"
-,Guest Artist,212,"$1,189",1,"$1,189","$5,906"
-,The Truth,212,$429,5,$86,"$9,354"
1,The Tax Collector,219,"$430,423",129,"$3,337","$430,423"
-,The Rental,219,"$224,544",178,"$1,261","$1,279,276"
-,Train to Busan Presents: Peninsula,219,"$194,086",48,"$4,043","$194,086"
-,The Big Ugly,219,"$105,583",36,"$2,933","$480,133"
-,Made in Italy,219,"$52,332",111,$471,"$52,332"
-,The Burnt Orange Heresy,219,"$40,988",110,$373,"$80,881"
-,Becky,219,"$39,081",15,"$2,605","$1,002,852"
-,Relic,219,"$26,414",31,$852,"$1,033,886"
-,Juvenile Delinquents,219,"$16,060",1,"$16,060","$16,060"
-,Summerland,219,"$11,949",68,$176,"$50,284"
-,The Outpost,219,"$7,732",26,$297,"$176,863"
-,The Wretched,219,"$7,642",16,$478,"$1,805,892"
-,I Still Believe,219,"$7,328",24,$305,"$10,359,887"
-,The Gentlemen,219,"$7,145",38,$188,"$36,359,349"
-,What We Found,219,"$2,241",7,$320,"$6,172"
-,Killer Raccoons 2: Dark Christmas in the Dark,219,"$1,839",3,$613,"$6,315"
-,Followed,219,$488,3,$163,"$538,179"
-,The Truth,219,$265,3,$88,"$9,619"
1,The SpongeBob Movie: Sponge on the Run,226,"$1,507,001",300,"$5,023","$1,507,001"
2,Unhinged,226,"$1,001,601",299,"$3,350","$1,001,601"
-,The Tax Collector,226,"$261,113",138,"$1,892","$691,536"
-,Train to Busan Presents: Peninsula,226,"$141,916",45,"$3,154","$336,002"
-,The Rental,226,"$137,678",144,$956,"$1,416,954"
-,Murder in the Woods,226,"$74,295",25,"$2,972","$74,295"
-,The Silencing,226,"$70,232",79,$889,"$70,232"
-,The Big Ugly,226,"$33,974",14,"$2,427","$514,107"
-,Made in Italy,226,"$29,533",101,$292,"$81,865"
-,Spree,226,"$28,771",33,$872,"$28,771"
-,The Burnt Orange Heresy,226,"$19,805",84,$236,"$100,686"
-,Sputnik,226,"$14,157",32,$442,"$14,177"
-,Juvenile Delinquents,226,"$11,712",1,"$11,712","$27,772"
-,Relic,226,"$9,592",27,$355,"$1,043,478"
-,The Gentlemen,226,"$7,134",38,$188,"$36,366,483"
-,The Outpost,226,"$5,717",31,$184,"$182,580"
-,I Still Believe,226,"$5,122",17,$301,"$10,365,009"
-,Summerland,226,"$3,448",20,$172,"$53,732"
-,The Wretched,226,"$2,303",7,$329,"$1,808,195"
-,The Bay of Silence,226,"$1,941",16(v),$121,"$1,941"
1,Unhinged,233,"$5,236,599","1,823","$2,873","$6,238,200"
2,The SpongeBob Movie: Sponge on the Run,233,"$1,037,600",326,"$3,183","$2,544,601"
3,Words on Bathroom Walls,233,"$630,245",924,$682,"$630,245"
4,Cut Throat City,233,"$345,872",389,$889,"$346,191"
5,Train to Busan Presents: Peninsula,233,"$313,300",151,"$2,075","$649,302"
6,The Tax Collector,233,"$181,949",121,"$1,504","$873,485"
7,The Rental,233,"$120,810",105,"$1,151","$1,537,764"
8,Tulsa,233,"$113,253",191,$593,"$113,253"
9,The Gentlemen,233,"$105,313",38,"$2,771","$36,471,796"
-,Tesla,233,"$60,591",108,$561,"$60,591"
-,The Burnt Orange Heresy,233,"$36,990",139,$266,"$137,676"
-,The Silencing,233,"$30,514",61,$500,"$100,746"
-,I Still Believe,233,"$25,546",115,$222,"$10,390,555"
-,Made in Italy,233,"$9,291",37,$251,"$91,156"
-,Murder in the Woods,233,"$4,923",20,$246,"$79,218"
-,Sputnik,233,"$3,519",16,$220,"$17,696"
-,The Wretched,233,"$2,967",3,$989,"$1,811,162"
-,The Outpost,233,"$1,855",24,$77,"$184,435"
-,Summerland,233,"$1,680",8,$210,"$55,891"
-,Relic,233,"$1,566",11,$142,"$1,045,044"
1,The New Mutants,240,"$8,752,627","2,412","$3,629","$8,752,627"
2,Unhinged,240,"$3,393,008","2,331","$1,456","$9,631,208"
3,Bill & Ted Face the Music,240,"$1,494,464","1,007","$1,484","$1,494,464"
4,The Personal History of David Copperfield,240,"$663,473","1,360",$488,"$663,473"
5,The SpongeBob Movie: Sponge on the Run,240,"$652,939",314,"$2,079","$3,197,540"
6,Words on Bathroom Walls,240,"$629,293","1,395",$451,"$1,259,538"
7,Cut Throat City,240,"$215,761",349,$618,"$561,952"
8,Train to Busan Presents: Peninsula,240,"$141,798",143,$992,"$791,100"
9,The Tax Collector,240,"$98,822",63,"$1,569","$972,307"
10,Tulsa,240,"$62,769",162,$387,"$176,022"
11,The Rental,240,"$28,561",58,$492,"$1,566,325"
12,Tesla,240,"$20,820",87,$239,"$81,411"
13,I Still Believe,240,"$18,115",224,$81,"$10,408,670"
14,Centigrade,240,"$9,705",28,$347,"$9,705"
15,Murder in the Woods,240,"$6,068",14,$433,"$85,286"
16,Made in Italy,240,"$4,732",16,$296,"$95,888"
17,The Wretched,240,"$4,278",5,$856,"$1,815,440"
18,I Propose We Never See Each Other Again After T…,240,"$3,662",2,"$1,831","$9,341"
19,The Burnt Orange Heresy,240,"$2,472",10,$247,"$140,148"
20,The Outpost,240,"$2,199",6,$367,"$186,634"
1,Tenet,247,"$22,493,137","2,810","$8,005","$22,493,137"
-,The New Mutants,247,"$4,487,741","2,754","$1,630","$13,240,368"
-,Unhinged,247,"$2,695,348","2,402","$1,122","$12,326,556"
-,Bill & Ted Face the Music,247,"$1,020,172",953,"$1,070","$2,514,636"
-,The Personal History of David Copperfield,247,"$547,571","1,550",$353,"$1,211,044"
-,The SpongeBob Movie: Sponge on the Run,247,"$540,776",304,"$1,779","$3,738,316"
-,Words on Bathroom Walls,247,"$451,998","1,168",$387,"$1,711,536"
-,Train to Busan Presents: Peninsula,247,"$100,250",97,"$1,034","$891,350"
-,Cut Throat City,247,"$92,831",131,$709,"$654,783"
-,Tulsa,247,"$40,811",82,$498,"$216,833"
-,The Rental,247,"$31,606",25,"$1,264","$1,600,409"
-,My Brothers’ Crossing,247,"$29,164",73,$400,"$29,164"
-,The Tax Collector,247,"$25,617",27,$949,"$997,924"
-,I Propose We Never See Each Other Again After T…,247,"$4,907",8,$613,"$14,248"
-,Tesla,247,"$4,518",21,$215,"$85,929"
-,Murder in the Woods,247,"$2,542",11,$231,"$87,828"
-,Made in Italy,247,"$2,462",11,$224,"$98,350"
-,Centigrade,247,"$2,061",14,$147,"$11,766"
-,The Burnt Orange Heresy,247,"$1,843",7,$263,"$141,991"
-,Sex and the Future,247,"$1,736",2,$868,"$5,305"
1,Tenet,254,"$9,040,337","2,910","$3,107","$31,533,474"
-,The New Mutants,254,"$2,869,221","2,704","$1,061","$16,109,589"
-,Unhinged,254,"$2,087,357","2,365",$883,"$14,413,913"
-,The Broken Hearts Gallery,254,"$1,606,894","2,209",$727,"$1,606,894"
-,Bill & Ted Face the Music,254,"$413,813",807,$513,"$2,928,449"
-,Words on Bathroom Walls,254,"$330,635","1,003",$330,"$2,042,171"
-,The Personal History of David Copperfield,254,"$295,132","1,203",$245,"$1,506,176"
-,The SpongeBob Movie: Sponge on the Run,254,"$292,787",267,"$1,097","$4,031,103"
-,Train to Busan Presents: Peninsula,254,"$83,859",85,$987,"$975,209"
-,Cut Throat City,254,"$61,602",106,$581,"$716,385"
-,Tulsa,254,"$35,898",93,$386,"$252,731"
-,Rent-A-Pal,254,"$24,148",56,$431,"$24,148"
-,The Secrets We Keep,254,"$23,967",470,$51,"$23,967"
-,The Rental,254,"$21,637",18,"$1,202","$1,622,046"
-,My Brothers’ Crossing,254,"$14,547",71,$205,"$43,711"
-,The Tax Collector,254,"$12,711",32,$397,"$1,010,635"
-,Centigrade,254,"$4,497",5,$899,"$16,263"
-,Tesla,254,"$4,344",15,$290,"$90,273"
-,I Propose We Never See Each Other Again After T…,254,"$1,998",6,$333,"$16,246"
-,Find Your Voice,254,"$1,437",1,"$1,437","$1,437"
1,Tenet,261,"$6,319,952","2,930","$2,157","$37,853,426"
-,The New Mutants,261,"$2,202,569","2,518",$875,"$18,312,158"
-,Infidel,261,"$1,929,599","1,724","$1,119","$1,929,599"
-,Unhinged,261,"$1,775,634","2,324",$764,"$16,189,547"
-,The Broken Hearts Gallery,261,"$1,161,529","2,221",$523,"$2,768,423"
-,Bill & Ted Face the Music,261,"$267,261",607,$440,"$3,195,710"
-,The SpongeBob Movie: Sponge on the Run,261,"$262,277",261,"$1,005","$4,293,380"
-,Words on Bathroom Walls,261,"$221,648",797,$278,"$2,263,819"
-,The Personal History of David Copperfield,261,"$219,841","1,007",$218,"$1,726,017"
-,Alone,261,"$215,555",169,"$1,275","$215,555"
-,The Secrets We Keep,261,"$143,415",471,$304,"$167,382"
-,No Escape,261,"$100,512",45,"$2,234","$100,512"
-,Train to Busan Presents: Peninsula,261,"$89,826",85,"$1,057","$1,065,035"
-,The Nest,261,"$89,206",301,$296,"$89,206"
-,Tulsa,261,"$54,337",135,$402,"$307,068"
-,Cut Throat City,261,"$42,754",82,$521,"$759,139"
-,The Way I See it,261,"$36,605",124,$295,"$36,605"
-,The Tax Collector,261,"$9,032",13,$695,"$1,019,667"
-,The Rental,261,"$7,464",20,$373,"$1,629,510"
-,My Brothers’ Crossing,261,"$7,326",55,$133,"$51,037"
1,Tenet,268,"$4,630,091","2,850","$1,625","$42,483,517"
-,The New Mutants,268,"$1,601,903","2,305",$695,"$19,914,061"
-,Unhinged,268,"$1,343,107","2,182",$616,"$17,532,654"
-,Infidel,268,"$1,042,366","1,885",$553,"$2,971,965"
-,The Broken Hearts Gallery,268,"$689,978","2,141",$322,"$3,458,401"
-,Shortcut,268,"$442,975",725,$611,"$442,975"
-,The Last Shift,268,"$364,337",871,$418,"$364,337"
-,Kajillionaire,268,"$304,440",529,$576,"$304,440"
-,Ava,268,"$219,370",222,$988,"$219,370"
-,The SpongeBob Movie: Sponge on the Run,268,"$177,536",250,$710,"$4,470,916"
-,Alone,268,"$137,386",173,$794,"$352,941"
-,Words on Bathroom Walls,268,"$124,628",487,$256,"$2,388,447"
-,Bill & Ted Face the Music,268,"$109,701",353,$311,"$3,305,411"
-,The Personal History of David Copperfield,268,"$85,153",512,$166,"$1,811,170"
-,On the Basis of Sex,268,"$82,150",829,$99,"$24,704,837"
-,Train to Busan Presents: Peninsula,268,"$60,947",84,$726,"$1,125,982"
-,The Secrets We Keep,268,"$59,704",449,$133,"$227,086"
-,Tulsa,268,"$50,689",159,$319,"$357,757"
-,The Nest,268,"$39,771",299,$133,"$129,213"
-,No Escape,268,"$33,613",39,$862,"$134,125"
1,Tenet,275,"$3,719,990","2,722","$1,367","$46,203,507"
-,The New Mutants,275,"$1,392,000","2,154",$646,"$21,306,061"
-,Unhinged,275,"$1,160,731","2,023",$574,"$18,693,385"
-,Infidel,275,"$642,424","1,792",$358,"$3,614,389"
-,The Broken Hearts Gallery,275,"$398,935","2,100",$190,"$3,857,336"
-,Possessor,275,"$366,355",320,"$1,145","$366,355"
-,The Last Shift,275,"$223,268",886,$252,"$587,605"
-,Save Yourselves!,275,"$206,610",388,$533,"$206,610"
-,The Call,275,"$188,117",195,$965,"$188,117"
-,Ava,275,"$157,667",252,$626,"$377,037"
-,Kajillionaire,275,"$149,265",547,$273,"$453,705"
-,Legend of Deification,275,"$143,937",55,"$2,617","$143,937"
-,The SpongeBob Movie: Sponge on the Run,275,"$128,874",215,$599,"$4,599,790"
-,Words on Bathroom Walls,275,"$90,460",314,$288,"$2,478,907"
-,Alone,275,"$75,170",127,$592,"$428,111"
-,A Call to Spy,275,"$49,586",75,$661,"$49,586"
-,Bill & Ted Face the Music,275,"$48,124",207,$232,"$3,353,535"
-,The Personal History of David Copperfield,275,"$47,963",285,$168,"$1,859,133"
-,Train to Busan Presents: Peninsula,275,"$43,715",74,$591,"$1,169,697"
-,Tulsa,275,"$33,028",159,$208,"$390,785"
1,The War with Grandpa,282,"$4,754,332","2,250","$2,113","$4,754,332"
2,Tenet,282,"$2,903,920","2,215","$1,311","$49,107,427"
-,The New Mutants,282,"$950,465","1,663",$572,"$22,256,526"
-,Unhinged,282,"$919,916","1,608",$572,"$19,613,301"
-,Honest Thief,282,"$507,389","2,425",$209,"$507,389"
-,Infidel,282,"$284,385",959,$297,"$3,898,774"
-,Possessor,282,"$224,113",303,$740,"$590,469"
-,Yellow Rose,282,"$219,735",900,$244,"$239,573"
-,The Wolf of Snow Hollow,282,"$141,695",112,"$1,265","$141,695"
-,The Broken Hearts Gallery,282,"$129,673",721,$180,"$3,987,009"
-,The Call,282,"$116,828",195,$599,"$304,945"
-,Save Yourselves!,282,"$77,353",346,$224,"$283,963"
-,Bill & Ted Face the Music,282,"$76,593",107,$716,"$3,430,128"
-,The SpongeBob Movie: Sponge on the Run,282,"$70,004",191,$367,"$4,669,794"
-,Ava,282,"$61,635",174,$354,"$438,672"
-,Kajillionaire,282,"$57,810",267,$217,"$511,515"
-,Alone,282,"$52,800",94,$562,"$480,911"
-,A Call to Spy,282,"$42,501",79,$538,"$92,087"
-,Words on Bathroom Walls,282,"$41,206",173,$238,"$2,520,113"
-,Legend of Deification,282,"$40,656",40,"$1,016","$191,621"
1,Honest Thief,289,"$4,618,885","2,425","$1,905","$5,126,274"
2,The War with Grandpa,289,"$3,082,715","2,260","$1,364","$7,837,047"
3,Tenet,289,"$2,080,528","2,001","$1,040","$51,187,955"
-,2 Hearts,289,"$669,821","1,683",$398,"$669,821"
-,The New Mutants,289,"$611,188","1,293",$473,"$22,867,714"
-,Unhinged,289,"$559,748","1,276",$439,"$20,173,049"
-,Love and Monsters,289,"$362,275",387,$936,"$362,275"
-,The Kid Detective,289,"$209,731",865,$242,"$209,731"
-,Lupin III: The First,289,"$128,593",418,$308,"$128,593"
-,Yellow Rose,289,"$101,548",900,$113,"$341,121"
-,Infidel,289,"$96,848",471,$206,"$3,995,622"
-,Possessor,289,"$96,573",188,$514,"$687,042"
-,The Call,289,"$82,908",154,$538,"$387,853"
-,The SpongeBob Movie: Sponge on the Run,289,"$60,591",131,$463,"$4,730,385"
-,The Wolf of Snow Hollow,289,"$35,977",89,$404,"$177,672"
-,Alone,289,"$35,230",70,$503,"$516,141"
-,Ava,289,"$31,857",69,$462,"$470,529"
-,The Broken Hearts Gallery,289,"$31,211",259,$121,"$4,018,220"
-,Kajillionaire,289,"$19,915",91,$219,"$531,430"
-,Percy,289,"$19,492",11,"$1,772","$28,414"
1,Honest Thief,296,"$3,058,988","2,502","$1,223","$8,185,262"
2,The War with Grandpa,296,"$2,371,158","2,345","$1,011","$10,208,205"
3,Tenet,296,"$1,726,328","1,801",$959,"$52,914,283"
4,The Empty Man,296,"$1,707,677","2,027",$842,"$1,707,677"
-,After We Collided,296,"$489,682",460,"$1,065","$2,141,955"
-,2 Hearts,296,"$412,975","1,678",$246,"$1,082,796"
-,The Addams Family,296,"$398,577","1,307",$305,"$97,584,384"
-,The New Mutants,296,"$377,446",830,$455,"$23,245,160"
-,Unhinged,296,"$342,021",905,$378,"$20,515,070"
-,Synchronic,296,"$341,117",327,"$1,043","$341,117"
-,Love and Monsters,296,"$283,323",380,$746,"$645,598"
-,The Kid Detective,296,"$134,030",857,$156,"$343,761"
-,The Call,296,"$58,434",116,$504,"$446,287"
-,Possessor,296,"$45,897",104,$441,"$732,939"
-,Infidel,296,"$38,578",192,$201,"$4,034,200"
-,The SpongeBob Movie: Sponge on the Run,296,"$37,457",94,$398,"$4,767,842"
-,The Broken Hearts Gallery,296,"$21,327",159,$134,"$4,039,547"
-,Ava,296,"$17,082",17,"$1,005","$487,611"
-,Percy,296,"$16,980",28,$606,"$45,566"
-,A Call to Spy,296,"$13,453",25,$538,"$123,739"
1,Come Play,303,"$3,931,825","2,183","$1,801","$3,931,825"
2,Honest Thief,303,"$1,851,260","2,360",$784,"$10,036,522"
3,The War with Grandpa,303,"$1,694,404","2,365",$716,"$11,902,609"
4,Tenet,303,"$1,320,040","1,601",$825,"$54,234,323"
-,The Empty Man,303,"$739,800","2,051",$361,"$2,447,477"
-,The Addams Family,303,"$263,157","1,007",$261,"$97,847,541"
-,Spell,303,"$257,743",369,$698,"$257,743"
-,The New Mutants,303,"$212,239",552,$384,"$23,457,399"
-,Love and Monsters,303,"$174,553",248,$704,"$820,151"
-,Unhinged,303,"$167,094",602,$278,"$20,682,164"
-,Synchronic,303,"$165,283",315,$525,"$506,400"
-,2 Hearts,303,"$157,578",894,$176,"$1,240,374"
-,After We Collided,303,"$141,671",546,$259,"$2,283,626"
-,The Call,303,"$45,396",78,$582,"$491,683"
-,The SpongeBob Movie: Sponge on the Run,303,"$20,154",88,$229,"$4,787,996"
-,Possessor,303,"$19,946",88,$227,"$752,885"
-,The Kid Detective,303,"$16,521",154,$107,"$360,282"
-,Infidel,303,"$12,525",69,$182,"$4,046,725"
-,Ava,303,"$10,136",9,"$1,126","$497,747"
-,A Call to Spy,303,"$9,965",23,$433,"$133,704"
1,Let Him Go,310,"$5,087,465","2,454","$2,073","$5,087,465"
2,Come Play,310,"$2,284,715","2,213","$1,032","$6,216,540"
3,The War with Grandpa,310,"$2,000,094","2,348",$852,"$13,902,703"
4,Honest Thief,310,"$1,545,604","2,217",$697,"$11,582,126"
5,Tenet,310,"$1,339,494","1,412",$949,"$55,573,817"
-,The Empty Man,310,"$393,410","1,243",$317,"$2,840,887"
-,The New Mutants,310,"$199,096",327,$609,"$23,656,495"
-,The Informer,310,"$187,405",283,$662,"$187,405"
-,Spell,310,"$172,498",368,$469,"$430,241"
-,Love and Monsters,310,"$151,434",177,$856,"$971,585"
-,Unhinged,310,"$112,447",374,$301,"$20,794,611"
-,Synchronic,310,"$84,989",141,$603,"$591,389"
-,2 Hearts,310,"$79,375",148,$536,"$1,319,749"
-,The Dark and The Wicked,310,"$78,014",68,"$1,147","$78,014"
-,After We Collided,310,"$76,839",546,$141,"$2,360,465"
-,The SpongeBob Movie: Sponge on the Run,310,"$22,794",55,$414,"$4,810,790"
-,The Call,310,"$21,609",53,$408,"$513,292"
-,The Addams Family,310,"$17,192",107,$161,"$97,864,733"
-,The Broken Hearts Gallery,310,"$15,676",258,$61,"$4,062,907"
-,A Call to Spy,310,"$11,382",27,$422,"$145,086"
1,Freaky,317,"$4,372,295","2,472","$1,769","$4,372,295"
2,Let Him Go,317,"$2,131,835","2,458",$867,"$7,219,300"
3,The War with Grandpa,317,"$1,546,890","2,145",$721,"$15,449,593"
4,Come Play,317,"$1,288,125","1,966",$655,"$7,504,665"
5,Honest Thief,317,"$976,443","1,843",$530,"$12,558,569"
6,Tenet,317,"$942,600","1,223",$771,"$56,516,417"
-,The Climb,317,"$143,423",408,$352,"$143,423"
-,Missão: Vingança,317,"$141,235",259,$545,"$141,235"
-,Come Away,317,"$130,470",475,$275,"$130,470"
-,Ammonite,317,"$122,088",280,$436,"$122,088"
-,The New Mutants,317,"$114,866",215,$534,"$23,771,361"
-,The Empty Man,317,"$99,574",506,$197,"$2,940,461"
-,Love and Monsters,317,"$99,129",129,$768,"$1,070,714"
-,The Informer,317,"$82,994",168,$494,"$270,399"
-,Spell,317,"$69,863",159,$439,"$500,104"
-,The Dark and The Wicked,317,"$44,732",31,"$1,443","$122,746"
-,Unhinged,317,"$36,854",176,$209,"$20,831,465"
-,Synchronic,317,"$31,161",62,$503,"$622,550"
-,2 Hearts,317,"$21,744",148,$147,"$1,341,493"
-,After We Collided,317,"$20,436",141,$145,"$2,380,901"
1,The Croods: A New Age,324,"$4,550,255","2,211","$2,058","$4,550,255"
2,Freaky,324,"$1,870,690","2,057",$909,"$6,242,985"
3,The War with Grandpa,324,"$1,164,218","1,688",$690,"$16,613,811"
4,Let Him Go,324,"$1,034,125",987,"$1,048","$8,253,425"
5,Come Play,324,"$780,360",694,"$1,124","$8,285,025"
6,Honest Thief,324,"$632,825",975,$649,"$13,191,394"
7,Tenet,324,"$553,268",864,$640,"$57,069,685"
-,The Santa Clause,324,"$536,000","1,090",$492,"$145,369,357"
-,Vanguard,324,"$521,955","1,200",$435,"$521,955"
-,The Last Vermeer,324,"$338,305",896,$378,"$338,305"
-,Buddy Games,324,"$216,313",397,$545,"$216,313"
-,True to the Game 2: Gena’s Story,324,"$195,829",180,"$1,088","$1,003,155"
-,The Forgotten Carols,324,"$190,214",58,"$3,280","$190,214"
-,Missão: Vingança,324,"$68,852",177,$389,"$210,087"
-,The Climb,324,"$66,620",267,$250,"$210,043"
-,National Lampoon’s Christmas Vacation,324,"$50,000",308,$162,"$67,271,818"
-,The New Mutants,324,"$48,973",40,"$1,224","$23,820,334"
-,Come Away,324,"$46,939",264,$178,"$177,409"
-,Frozen,324,"$35,000","1,367",$26,"$400,773,009"
-,The Empty Man,324,"$30,696",95,$323,"$2,971,157"
1,The Croods: A New Age,331,"$11,350,155","2,211","$5,133","$15,900,410"
2,Freaky,331,"$1,038,355","1,735",$598,"$7,281,340"
3,The War with Grandpa,331,"$691,490","1,500",$461,"$17,305,301"
4,Let Him Go,331,"$562,970","1,447",$389,"$8,816,395"
-,Come Play,331,"$460,805","1,029",$448,"$8,745,830"
-,Honest Thief,331,"$440,970",975,$452,"$13,632,364"
-,Tenet,331,"$355,973",656,$543,"$57,425,658"
-,Vanguard,331,"$207,537",450,$461,"$729,492"
-,The Last Vermeer,331,"$204,595",896,$228,"$542,900"
-,National Lampoon’s Christmas Vacation,331,"$170,000",308,$552,"$67,441,818"
-,Buddy Games,331,"$145,255",397,$366,"$361,568"
-,The Forgotten Carols,331,"$107,492",63,"$1,706","$297,706"
-,Missão: Vingança,331,"$39,931",87,$459,"$250,018"
-,Always & Forever,331,"$23,668",9,"$2,630","$43,436"
-,Zappa,331,"$15,502",70,$221,"$15,502"
-,The Climb,331,"$14,828",52,$285,"$224,871"
-,The Empty Man,331,"$9,997",95,$105,"$2,981,154"
-,The New Mutants,331,"$8,746",40,$219,"$23,829,080"
-,Embattled,331,"$8,596",46,$187,"$27,025"
-,Come Away,331,"$7,068",264,$27,"$184,477"
1,The Croods: A New Age,338,"$5,349,695","2,205","$2,426","$21,250,105"
2,Half Brothers,338,"$891,525","1,369",$651,"$891,525"
3,Freaky,338,"$637,025","1,502",$424,"$7,918,365"
4,All My Life,338,"$480,930",970,$496,"$480,930"
5,The War with Grandpa,338,"$392,654","1,285",$306,"$17,697,955"
6,Come Play,338,"$287,885",773,$372,"$9,033,715"
7,Let Him Go,338,"$269,655","1,113",$242,"$9,086,050"
8,Honest Thief,338,"$253,407",785,$323,"$13,885,771"
9,Tenet,338,"$235,906",532,$443,"$57,661,564"
10,National Lampoon’s Christmas Vacation,338,"$155,000",420,$369,"$67,596,818"
11,The Polar Express,338,"$155,000",300,$517,"$183,865,445"
-,The Last Vermeer,338,"$85,177",865,$98,"$628,077"
-,The Forgotten Carols,338,"$74,636",68,"$1,098","$372,342"
-,Mario Puzo’s The Godfather Coda: The Death of M…,338,"$72,923",179,$407,"$66,593,452"
-,Vanguard,338,"$52,033",101,$515,"$781,525"
-,Buddy Games,338,"$44,336",199,$223,"$405,904"
-,Always & Forever,338,"$25,210",7,"$3,601","$68,646"
-,Missão: Vingança,338,"$19,795",42,$471,"$269,813"
-,The Climb,338,"$4,969",12,$414,"$229,840"
-,The New Mutants,338,"$3,956",30,$132,"$23,833,036"
1,The Croods: A New Age,345,"$3,779,165","2,115","$1,787","$25,029,270"
2,Half Brothers,345,"$645,905","1,386",$466,"$1,537,430"
3,Freaky,345,"$423,310","1,235",$343,"$8,341,675"
4,Elf,345,"$400,000",850,$471,"$175,026,840"
5,The War with Grandpa,345,"$332,378","1,080",$308,"$18,030,333"
-,All My Life,345,"$277,635",965,$288,"$758,565"
-,The Polar Express,345,"$245,000",300,$817,"$184,110,445"
-,National Lampoon’s Christmas Vacation,345,"$239,000",620,$385,"$71,558,546"
-,Come Play,345,"$215,865",610,$354,"$9,249,580"
-,Tenet,345,"$188,662",478,$395,"$57,850,226"
-,Honest Thief,345,"$177,843",625,$285,"$14,063,614"
-,Let Him Go,345,"$160,090",765,$209,"$9,246,140"
-,Wild Mountain Thyme,345,"$148,513",450,$330,"$148,513"
-,Archenemy,345,"$71,836",94,$764,"$71,836"
-,The Forgotten Carols,345,"$55,720",70,$796,"$428,062"
-,The Last Vermeer,345,"$47,881",869,$55,"$675,958"
-,Mario Puzo’s The Godfather Coda: The Death of M…,345,"$22,407",156,$144,"$66,615,859"
-,Always & Forever,345,"$21,272",4,"$5,318","$89,918"
-,The New Mutants,345,"$15,975",234,$68,"$23,849,011"
-,The Empty Man,345,"$7,675",175,$44,"$2,990,530"
1,The Croods: A New Age,352,"$3,587,470","1,906","$1,882","$28,616,740"
-,Monster Hunter,352,"$3,092,417","1,736","$1,781","$3,092,417"
-,Fatale,352,"$1,301,522","1,107","$1,176","$1,301,522"
-,Half Brothers,352,"$417,215","1,143",$365,"$1,954,645"
-,The War with Grandpa,352,"$387,425",803,$482,"$18,417,758"
-,Elf,352,"$365,000",600,$608,"$175,391,840"
-,Freaky,352,"$268,420",785,$342,"$8,610,095"
-,The Polar Express,352,"$231,000",450,$513,"$184,341,445"
-,Come Play,352,"$177,870",427,$417,"$9,427,450"
-,National Lampoon’s Christmas Vacation,352,"$166,000",500,$332,"$71,724,546"
-,Tenet,352,"$149,888",340,$441,"$58,000,114"
-,All My Life,352,"$117,180",609,$192,"$875,745"
-,Let Him Go,352,"$89,485",406,$220,"$9,335,625"
-,The Forgotten Carols,352,"$63,387",45,"$1,409","$491,449"
-,Always & Forever,352,"$21,272",4,"$5,318","$111,190"
-,Hunter Hunter,352,"$17,748",30,$592,"$17,748"
-,Archenemy,352,"$13,989",66,$212,"$85,825"
-,The Last Vermeer,352,"$9,422",76,$124,"$685,380"
-,The New Mutants,352,"$3,483",52,$67,"$23,852,494"
-,The Empty Man,352,"$2,148",80,$27,"$2,992,678"
1,Wonder Woman 1984,359,"$23,009,311","2,151","$10,697","$23,009,311"
-,The Croods: A New Age,359,"$3,717,540","1,726","$2,154","$32,334,280"
-,News of the World,359,"$3,717,170","1,900","$1,956","$3,717,170"
-,Monster Hunter,359,"$1,925,986","1,817","$1,060","$5,018,403"
-,Promising Young Woman,359,"$1,208,180","1,310",$922,"$1,208,180"
-,Fatale,359,"$1,086,611","1,168",$930,"$2,388,133"
-,Pinocchio,359,"$488,838",786,$622,"$488,838"
-,The War with Grandpa,359,"$284,436",515,$552,"$18,702,194"
-,Elf,359,"$115,000",300,$383,"$175,506,840"
-,Freaky,359,"$91,965",255,$361,"$8,702,060"
-,National Lampoon’s Christmas Vacation,359,"$91,000",300,$303,"$71,815,546"
-,Come Play,359,"$78,090",123,$635,"$9,505,540"
-,Half Brothers,359,"$61,505",186,$331,"$2,016,150"
-,The Polar Express,359,"$60,000",220,$273,"$184,401,445"
-,Tenet,359,"$44,051",116,$380,"$58,044,165"
-,All My Life,359,"$23,840",133,$179,"$899,585"
-,Always & Forever,359,"$18,674",2,"$9,337","$129,864"
-,Let Him Go,359,"$12,315",54,$228,"$9,347,940"
-,Archenemy,359,"$11,003",2,"$5,502","$96,828"
-,The Forgotten Carols,359,"$9,243",48,$193,"$500,692"
